{"cameraMode":{"drawMode":0,"name":"Shaded","section":"Shading Mode"},"sceneLighting":false,"audioPlay":false,"sceneViewState":{"showFog":true,"showMaterialUpdate":false,"showSkybox":true,"showFlares":true,"showImageEffects":true,"showParticleSystems":true},"in2DMode":false,"pivot":{"x":-17.502044677734376,"y":148.41281127929688,"z":1.5440826416015626},"rotation":{"x":0.02195780910551548,"y":0.9697325825691223,"z":-0.22379516065120698,"w":0.09514407813549042},"size":1194.41552734375,"orthographic":false}