{"cameraMode":{"drawMode":0,"name":"Shaded","section":"Shading Mode"},"sceneLighting":false,"audioPlay":false,"sceneViewState":{"showFog":true,"showMaterialUpdate":false,"showSkybox":true,"showFlares":true,"showImageEffects":true,"showParticleSystems":true},"in2DMode":false,"pivot":{"x":-17.502044677734376,"y":148.41281127929688,"z":1.5440826416015626},"rotation":{"x":-0.009458431974053383,"y":0.9748103022575378,"z":-0.2188147008419037,"w":-0.042137764394283298},"size":1194.41552734375,"orthographic":false}